{"cameraMode":{"drawMode":0,"name":"Shaded","section":"Shading Mode"},"sceneLighting":false,"audioPlay":false,"sceneViewState":{"showFog":true,"showMaterialUpdate":false,"showSkybox":true,"showFlares":true,"showImageEffects":true,"showParticleSystems":true},"in2DMode":false,"pivot":{"x":-0.021027088165283204,"y":2.5878193378448488,"z":-0.3317112922668457},"rotation":{"x":0.0018739973893389106,"y":-0.9548688530921936,"z":0.006025394890457392,"w":0.29696089029312136},"size":3.802743911743164,"orthographic":false}