{"cameraMode":{"drawMode":0,"name":"Shaded","section":"Shading Mode"},"sceneLighting":false,"audioPlay":false,"sceneViewState":{"showFog":true,"showMaterialUpdate":false,"showSkybox":true,"showFlares":true,"showImageEffects":true,"showParticleSystems":true},"in2DMode":false,"pivot":{"x":112.07215118408203,"y":55.17345428466797,"z":115.94155883789063},"rotation":{"x":0.08976389467716217,"y":-0.832382321357727,"z":0.1414364129304886,"w":0.5282782316207886},"size":6.476537227630615,"orthographic":false}