{"cameraMode":{"drawMode":0,"name":"Shaded","section":"Shading Mode"},"sceneLighting":false,"audioPlay":false,"sceneViewState":{"showFog":true,"showMaterialUpdate":false,"showSkybox":true,"showFlares":true,"showImageEffects":true,"showParticleSystems":true},"in2DMode":false,"pivot":{"x":-9.201234817504883,"y":5.539999961853027,"z":-18.262910842895509},"rotation":{"x":0.06235327944159508,"y":-0.9198950529098511,"z":0.16341397166252137,"w":0.35100021958351138},"size":6.580230712890625,"orthographic":false}