{"cameraMode":{"drawMode":0,"name":"Shaded","section":"Shading Mode"},"sceneLighting":false,"audioPlay":false,"sceneViewState":{"showFog":true,"showMaterialUpdate":false,"showSkybox":true,"showFlares":true,"showImageEffects":true,"showParticleSystems":true},"in2DMode":false,"pivot":{"x":-1.1339999437332154,"y":2.7799999713897707,"z":2.890000104904175},"rotation":{"x":-0.030765770003199579,"y":0.9658086895942688,"z":-0.1359163075685501,"w":-0.21861819922924043},"size":0.2857881188392639,"orthographic":false}