{"cameraMode":{"drawMode":0,"name":"Shaded","section":"Shading Mode"},"sceneLighting":false,"audioPlay":false,"sceneViewState":{"showFog":true,"showMaterialUpdate":false,"showSkybox":true,"showFlares":true,"showImageEffects":true,"showParticleSystems":true},"in2DMode":false,"pivot":{"x":-9.240055084228516,"y":-5.962651252746582,"z":-12.56999397277832},"rotation":{"x":0.06235327944159508,"y":-0.9198950529098511,"z":0.16341397166252137,"w":0.35100021958351138},"size":22.0,"orthographic":false}