{"cameraMode":{"drawMode":0,"name":"Shaded","section":"Shading Mode"},"sceneLighting":false,"audioPlay":false,"sceneViewState":{"showFog":true,"showMaterialUpdate":false,"showSkybox":true,"showFlares":true,"showImageEffects":true,"showParticleSystems":true},"in2DMode":false,"pivot":{"x":8.34351921081543,"y":0.004999998956918716,"z":-3.2815210819244386},"rotation":{"x":0.01208399049937725,"y":0.986944317817688,"z":-0.08937402814626694,"w":0.1334439367055893},"size":0.2857886552810669,"orthographic":false}