{"cameraMode":{"drawMode":0,"name":"Shaded","section":"Shading Mode"},"sceneLighting":false,"audioPlay":false,"sceneViewState":{"showFog":true,"showMaterialUpdate":false,"showSkybox":true,"showFlares":true,"showImageEffects":true,"showParticleSystems":true},"in2DMode":false,"pivot":{"x":0.5120000243186951,"y":1.9299999475479127,"z":1.6080000400543213},"rotation":{"x":-0.07783609628677368,"y":0.7684139013290405,"z":-0.09523601830005646,"w":-0.6280220746994019},"size":22.0,"orthographic":false}